SpectrumID	Compound_Name	Ion_Source	Instrument	Compound_Source	PI	Data_Collector	Adduct	Precursor_MZ	ExactMass	Charge	CAS_Number	Pubmed_ID	Smiles	INCHI	INCHI_AUX	Library_Class	IonMode	UpdateWorkflowName	LibraryQualityString	#Scan#	SpectrumFile	LibraryName	MQScore	Organism	TIC_Query	RT_Query	MZErrorPPM	SharedPeaks	MassDiff	LibMZ	SpecMZ	SpecCharge	FileScanUniqueID	NumberHits	tags	MoleculeExplorerDatasets	MoleculeExplorerFiles	InChIKey	InChIKey-Planar	superclass	class	subclass	npclassifier_superclass	npclassifier_class	npclassifier_pathway
CCMSLIB00010109104	DEHP CollisionEnergy:102040	LC-ESI	Orbitrap	Commercial	Trent Northen	JGI	M+H	391.284	0.0	1	N/A	N/A	CCCCC(CC)COC(=O)c1ccccc1C(=O)OCC(CC)CCCC	"""InChI=1S/C24H38O4/c1-5-9-13-19(7-3)17-27-23(25)21-15-11-12-16-22(21)24(26)28-18-20(8-4)14-10-6-2/h11-12,15-16,19-20H,5-10,13-14,17-18H2,1-4H3"""	N/A	3	Positive	UPDATE-SINGLE-ANNOTATED-BRONZE	Bronze	529	spectra_filtered/specs_ms.mgf	lib-00011.mgf	0.9951209999999999	BERKELEY-LAB	5180000.0	502.63199999999995	0.545954	6	0.000213623	391.284	391.284	1	spectra_filtered/specs_ms.mgf529	1		0	0	BJQHLKABXJIVAM-UHFFFAOYSA-N	BJQHLKABXJIVAM	N/A	N/A	N/A	Phenolic acids (C6-C1)	Shikimic acids and derivatives|Simple phenolic acids	Shikimates and Phenylpropanoids
CCMSLIB00012142967	Suspect related to Spectral Match to 1,2-Di-(9Z,12Z,15Z-octadecatrienoyl)-sn-glycero-3-phosphocholine from NIST14 (predicted molecular formula SIRIUS: C44H76NO5P / BUDDY: C40H75NO10) with delta m/z -47.987 (putative explanation: cysteine oxidation to cysteic acid (reverse); atomic difference: -3O) [M+H]+	ESI	Orbitrap	Crude	Pieter Dorrestein	Wout Bittremieux	[M+H]+	730.548	0.0	1	N/A	N/A	N/A	N/A	N/A	4	Positive	UPDATE-SINGLE-ANNOTATED-BRONZE	Insilico	490	spectra_filtered/specs_ms.mgf	lib-00052.mgf	0.9882719999999999	GNPS-SUSPECTLIST	25270000.0	483.333	13.5346	6	0.009887700000000001	730.548	730.538	1	spectra_filtered/specs_ms.mgf490	1		0	0	N/A	N/A	N/A	N/A	N/A	N/A	N/A	N/A
CCMSLIB00012158070	Suspect related to Spectral Match to Phytomonic acid from NIST14 (predicted molecular formula SIRIUS: C18H32O / BUDDY: C18H32O) with delta m/z -32.026 (putative explanation: nan (reverse); atomic difference: -1C,-4H,-1O) [M+H]+	ESI	Orbitrap	Crude	Pieter Dorrestein	Wout Bittremieux	[M+H]+	265.255	0.0	1	N/A	N/A	N/A	N/A	N/A	4	Positive	UPDATE-SINGLE-ANNOTATED-BRONZE	Insilico	459	spectra_filtered/specs_ms.mgf	lib-00052.mgf	0.9858040000000001	GNPS-SUSPECTLIST	2560000.0	472.559	8.7438	8	0.00231934	265.255	265.253	1	spectra_filtered/specs_ms.mgf459	1		0	0	N/A	N/A	N/A	N/A	N/A	N/A	N/A	N/A
CCMSLIB00012142967	Suspect related to Spectral Match to 1,2-Di-(9Z,12Z,15Z-octadecatrienoyl)-sn-glycero-3-phosphocholine from NIST14 (predicted molecular formula SIRIUS: C44H76NO5P / BUDDY: C40H75NO10) with delta m/z -47.987 (putative explanation: cysteine oxidation to cysteic acid (reverse); atomic difference: -3O) [M+H]+	ESI	Orbitrap	Crude	Pieter Dorrestein	Wout Bittremieux	[M+H]+	730.548	0.0	1	N/A	N/A	N/A	N/A	N/A	4	Positive	UPDATE-SINGLE-ANNOTATED-BRONZE	Insilico	473	spectra_filtered/specs_ms.mgf	lib-00052.mgf	0.983038	GNPS-SUSPECTLIST	24590000.0	476.25199999999995	13.3675	6	0.00976562	730.548	730.538	1	spectra_filtered/specs_ms.mgf473	1		0	0	N/A	N/A	N/A	N/A	N/A	N/A	N/A	N/A
CCMSLIB00010103761	HARMANE CollisionEnergy:102040	LC-ESI	Orbitrap	Commercial	Trent Northen	JGI	M+H	183.092	0.0	1	N/A	N/A	Cc1nccc2c1[nH]c1ccccc12	"""InChI=1S/C12H10N2/c1-8-12-10(6-7-13-8)9-4-2-3-5-11(9)14-12/h2-7,14H,1H3"""	N/A	3	Positive	UPDATE-SINGLE-ANNOTATED-BRONZE	Bronze	51	spectra_filtered/specs_ms.mgf	lib-00011.mgf	0.971628	BERKELEY-LAB	2510000.0	172.87900000000002	1.08341	7	0.00019836400000000003	183.092	183.092	1	spectra_filtered/specs_ms.mgf51	1		0	0	PSFDQSOCUJVVGF-UHFFFAOYSA-N	PSFDQSOCUJVVGF	N/A	N/A	N/A	Tryptophan alkaloids	Carboline alkaloids	Alkaloids
CCMSLIB00012151861	Suspect related to Spectral Match to Conjugated linoleic Acid (10E,12Z) from NIST14 (predicted molecular formula SIRIUS: C13H25NO2 / BUDDY: C13H25NO2) with delta m/z -53.049 (putative explanation: unspecified; atomic difference: unspecified) [M+H]+	ESI	Orbitrap	Crude	Pieter Dorrestein	Wout Bittremieux	[M+H]+	228.196	0.0	1	N/A	N/A	N/A	N/A	N/A	4	Positive	UPDATE-SINGLE-ANNOTATED-BRONZE	Insilico	414	spectra_filtered/specs_ms.mgf	lib-00052.mgf	0.9701629999999999	GNPS-SUSPECTLIST	3080000.0	466.402	0.0	9	0.0	228.196	228.196	1	spectra_filtered/specs_ms.mgf414	1		0	0	N/A	N/A	N/A	N/A	N/A	N/A	N/A	N/A
CCMSLIB00003137434	Spectral Match to cis-9-Hexadecenoic acid from NIST14	ESI	qTof	Isolated	Data from Wolfender/Litaudon	Data deposited by pmallard	M+H-H2O	237.221	254.225	1	373499	N/A	CCCCCC/C=C\CCCCCCCC(=O)O	InChI=1S/C16H30O2/c1-2-3-4-5-6-7-8-9-10-11-12-13-14-15-16(17)18/h7-8H,2-6,9-15H2,1H3,(H,17,18)/b8-7-	N/A	3	Positive	UPDATE-SINGLE-ANNOTATED-BRONZE	Bronze	302	spectra_filtered/specs_ms.mgf	lib-00018.mgf	0.9573799999999999	GNPS-NIST14-MATCHES	4370000.0	442.417	1.73672	8	0.000411987	237.221	237.22099999999998	1	spectra_filtered/specs_ms.mgf302	1		45	4036	SECPZKHBENQXJG-FPLPWBNLSA-N	SECPZKHBENQXJG	N/A	N/A	N/A	Fatty Acids and Conjugates	Unsaturated fatty acids	Fatty acids
CCMSLIB00012138729	Suspect related to Palmitelaidic acid (predicted molecular formula SIRIUS: C13H23NO2 / BUDDY: C13H23NO2) with delta m/z -29.056 (putative explanation: unspecified; atomic difference: unspecified) [M+H]+	ESI	Orbitrap	Crude	Pieter Dorrestein	Wout Bittremieux	[M+H]+	226.18	0.0	1	N/A	N/A	N/A	InChI=1S/C16H30O2/c1-2-3-4-5-6-7-8-9-10-11-12-13-14-15-16(17)18/h7-8H,2-6,9-15H2,1H3,(H,17,18)/b8-7+ - 29.056 Da	N/A	4	Positive	UPDATE-SINGLE-ANNOTATED-BRONZE	Insilico	86	spectra_filtered/specs_ms.mgf	lib-00052.mgf	0.953211	GNPS-SUSPECTLIST	2370000.0	262.532	0.944483	10	0.000213623	226.18	226.18	1	spectra_filtered/specs_ms.mgf86	1		0	0	N/A	N/A	N/A	N/A	N/A	N/A	N/A	N/A
CCMSLIB00012151992	Suspect related to Spectral Match to Conjugated linoleic Acid (10E,12Z) from NIST14 (predicted molecular formula SIRIUS: C15H30N2O / BUDDY: C15H30N2O) with delta m/z -26.001 (putative explanation: Tyr->His substitution; atomic difference: -3C,-2H,2N,-1O) [M-H2O+H]+	ESI	Orbitrap	Crude	Pieter Dorrestein	Wout Bittremieux	[M-H2O+H]+	237.233	0.0	1	N/A	N/A	N/A	N/A	N/A	4	Positive	UPDATE-SINGLE-ANNOTATED-BRONZE	Insilico	256	spectra_filtered/specs_ms.mgf	lib-00052.mgf	0.9485870000000001	GNPS-SUSPECTLIST	710000.0	418.584	48.8831	6	0.011596700000000001	237.233	237.22099999999998	1	spectra_filtered/specs_ms.mgf256	1		0	0	N/A	N/A	N/A	N/A	N/A	N/A	N/A	N/A
CCMSLIB00003134993	Spectral Match to Phytosphingosine from NIST14	ESI	qTof	Isolated	Data from Wolfender/Litaudon	Data deposited by pmallard	M+H	318.3	317.293	1	554621	N/A	CCCCCCCCCCCCCC[C@H]([C@H]([C@H](CO)N)O)O	InChI=1S/C18H39NO3/c1-2-3-4-5-6-7-8-9-10-11-12-13-14-17(21)18(22)16(19)15-20/h16-18,20-22H,2-15,19H2,1H3/t16-,17+,18-/m0/s1	N/A	3	Positive	UPDATE-SINGLE-ANNOTATED-BRONZE	Bronze	122	spectra_filtered/specs_ms.mgf	lib-00018.mgf	0.946708	GNPS-NIST14-MATCHES	5930000.0	314.117	0.671137	8	0.000213623	318.3	318.3	1	spectra_filtered/specs_ms.mgf122	1		61	2964	AERBNCYCJBRYDG-KSZLIROESA-N	AERBNCYCJBRYDG	N/A	N/A	N/A	Sphingolipids	Sphingoid bases	Fatty acids
CCMSLIB00012089993	Suspect related to 1-Palmitoyl-2-oleoyl-sn-glycero-3-phosphoethanolamine (predicted molecular formula SIRIUS: C39H74NO8P / BUDDY: C39H74NO8P) with delta m/z -2.016 (putative explanation: 2-amino-3-oxo-butanoic_acid|Intact disulfide bridge|Val->Pro substitution; atomic difference: -2H|-2H|-2H) [M+H]+	ESI	Orbitrap	Crude	Pieter Dorrestein	Wout Bittremieux	[M+H]+	716.525	0.0	1	N/A	N/A	N/A	InChI=1S/C39H76NO8P/c1-3-5-7-9-11-13-15-17-18-20-22-24-26-28-30-32-39(42)48-37(36-47-49(43,44)46-34-33-40)35-45-38(41)31-29-27-25-23-21-19-16-14-12-10-8-6-4-2/h17-18,37H,3-16,19-36,40H2,1-2H3,(H,43,44)/b18-17-/t37-/m1/s1 - 2.016 Da	N/A	4	Positive	UPDATE-SINGLE-ANNOTATED-BRONZE	Insilico	622	spectra_filtered/specs_ms.mgf	lib-00052.mgf	0.94557	GNPS-SUSPECTLIST	16770000.0	616.168	4.25911	12	0.00305176	716.525	716.5219999999999	1	spectra_filtered/specs_ms.mgf622	1		0	0	N/A	N/A	N/A	N/A	N/A	N/A	N/A	N/A
CCMSLIB00012087578	Suspect related to 1,2-Dioleoyl-sn-glycero-3-phosphoethanolamine (predicted molecular formula SIRIUS: C39H74NO8P / BUDDY: C39H74NO8P) with delta m/z -28.031 (putative explanation: Desethylation, didemethylation, dealkylation|Met->Cys substitution|Val->Ala substitution; atomic difference: -2C,-4H|-2C,-4H|-2C,-4H) [M+Na]+	ESI	Orbitrap	Crude	Pieter Dorrestein	Wout Bittremieux	[M+Na]+	738.504	0.0	1	N/A	N/A	N/A	InChI=1S/C41H78NO8P/c1-3-5-7-9-11-13-15-17-19-21-23-25-27-29-31-33-40(43)47-37-39(38-49-51(45,46)48-36-35-42)50-41(44)34-32-30-28-26-24-22-20-18-16-14-12-10-8-6-4-2/h17-20,39H,3-16,21-38,42H2,1-2H3,(H,45,46)/b19-17-,20-18-/t39-/m1/s1 - 28.031 Da	N/A	4	Positive	UPDATE-SINGLE-ANNOTATED-BRONZE	Insilico	610	spectra_filtered/specs_ms.mgf	lib-00052.mgf	0.9401129999999999	GNPS-SUSPECTLIST	9780000.0	613.144	0.082647	12	6.10352e-05	738.504	738.5039999999999	1	spectra_filtered/specs_ms.mgf610	1		0	0	N/A	N/A	N/A	N/A	N/A	N/A	N/A	N/A
CCMSLIB00012089993	Suspect related to 1-Palmitoyl-2-oleoyl-sn-glycero-3-phosphoethanolamine (predicted molecular formula SIRIUS: C39H74NO8P / BUDDY: C39H74NO8P) with delta m/z -2.016 (putative explanation: 2-amino-3-oxo-butanoic_acid|Intact disulfide bridge|Val->Pro substitution; atomic difference: -2H|-2H|-2H) [M+H]+	ESI	Orbitrap	Crude	Pieter Dorrestein	Wout Bittremieux	[M+H]+	716.525	0.0	1	N/A	N/A	N/A	InChI=1S/C39H76NO8P/c1-3-5-7-9-11-13-15-17-18-20-22-24-26-28-30-32-39(42)48-37(36-47-49(43,44)46-34-33-40)35-45-38(41)31-29-27-25-23-21-19-16-14-12-10-8-6-4-2/h17-18,37H,3-16,19-36,40H2,1-2H3,(H,43,44)/b18-17-/t37-/m1/s1 - 2.016 Da	N/A	4	Positive	UPDATE-SINGLE-ANNOTATED-BRONZE	Insilico	528	spectra_filtered/specs_ms.mgf	lib-00052.mgf	0.937486	GNPS-SUSPECTLIST	14010000.0	503.37	4.25911	12	0.00305176	716.525	716.5219999999999	1	spectra_filtered/specs_ms.mgf528	1		0	0	N/A	N/A	N/A	N/A	N/A	N/A	N/A	N/A
CCMSLIB00012087578	Suspect related to 1,2-Dioleoyl-sn-glycero-3-phosphoethanolamine (predicted molecular formula SIRIUS: C39H74NO8P / BUDDY: C39H74NO8P) with delta m/z -28.031 (putative explanation: Desethylation, didemethylation, dealkylation|Met->Cys substitution|Val->Ala substitution; atomic difference: -2C,-4H|-2C,-4H|-2C,-4H) [M+Na]+	ESI	Orbitrap	Crude	Pieter Dorrestein	Wout Bittremieux	[M+Na]+	738.504	0.0	1	N/A	N/A	N/A	InChI=1S/C41H78NO8P/c1-3-5-7-9-11-13-15-17-19-21-23-25-27-29-31-33-40(43)47-37-39(38-49-51(45,46)48-36-35-42)50-41(44)34-32-30-28-26-24-22-20-18-16-14-12-10-8-6-4-2/h17-20,39H,3-16,21-38,42H2,1-2H3,(H,45,46)/b19-17-,20-18-/t39-/m1/s1 - 28.031 Da	N/A	4	Positive	UPDATE-SINGLE-ANNOTATED-BRONZE	Insilico	532	spectra_filtered/specs_ms.mgf	lib-00052.mgf	0.934966	GNPS-SUSPECTLIST	6340000.0	504.37300000000005	0.330588	12	0.00024414099999999997	738.504	738.5039999999999	1	spectra_filtered/specs_ms.mgf532	1		0	0	N/A	N/A	N/A	N/A	N/A	N/A	N/A	N/A
CCMSLIB00006678082	PE-DAG (16:0/16:1)	LC-ESI	Orbitrap	Other	S Ding	Su Ding	M+H	690.506	690.508	1	N/A	N/A	N/A	N/A	N/A	3	Positive	UPDATE-SINGLE-ANNOTATED-BRONZE	Bronze	517	spectra_filtered/specs_ms.mgf	lib-00045.mgf	0.9329799999999999	GNPS-LIBRARY	21140000.0	495.74300000000005	1.0607	14	0.0007324219999999999	690.506	690.507	1	spectra_filtered/specs_ms.mgf517	1		0	0	N/A	N/A	N/A	N/A	N/A	N/A	N/A	N/A
CCMSLIB00010112940	VITAMIN K1 CollisionEnergy:102040	LC-ESI	Orbitrap	Commercial	Trent Northen	JGI	M+2H]	226.182	0.0	1	N/A	N/A	CC(=CCC1=C(C)C(=O)c2ccccc2C1=O)CCCC(C)CCCC(C)CCCC(C)C	"""InChI=1S/C31H46O2/c1-22(2)12-9-13-23(3)14-10-15-24(4)16-11-17-25(5)20-21-27-26(6)30(32)28-18-7-8-19-29(28)31(27)33/h7-8,18-20,22-24H,9-17,21H2,1-6H3/b25-20+"""	N/A	3	Positive	UPDATE-SINGLE-ANNOTATED-BRONZE	Bronze	366	spectra_filtered/specs_ms.mgf	lib-00011.mgf	0.930319	BERKELEY-LAB	6670000.0	461.73699999999997	7.96057	10	0.00180054	226.182	226.18	1	spectra_filtered/specs_ms.mgf366	1		0	0	MBWXNTAXLNYFJB-UHFFFAOYSA-N	MBWXNTAXLNYFJB	N/A	N/A	N/A	Meroterpenoids	Prenyl quinone meroterpenoids	Terpenoids
CCMSLIB00012086881	Suspect related to .delta.-Dodecalactone (predicted molecular formula SIRIUS: C13H24O4 / BUDDY: C13H24O4) with delta m/z 46.005 (putative explanation: formic acid adduct; atomic difference: 1C,2H,2O) [M-2H2O+H]+	ESI	Orbitrap	Crude	Pieter Dorrestein	Wout Bittremieux	[M-2H2O+H]+	209.154	0.0	1	N/A	N/A	N/A	InChI=1S/C12H22O2/c1-2-3-4-5-6-8-11-9-7-10-12(13)14-11/h11H,2-10H2,1H3 + 46.005 Da	N/A	4	Positive	UPDATE-SINGLE-ANNOTATED-BRONZE	Insilico	377	spectra_filtered/specs_ms.mgf	lib-00052.mgf	0.930077	GNPS-SUSPECTLIST	3720000.0	461.898	1.4591	10	0.000305176	209.154	209.15400000000002	1	spectra_filtered/specs_ms.mgf377	1		0	0	N/A	N/A	N/A	N/A	N/A	N/A	N/A	N/A
CCMSLIB00012164433	Suspect related to cis-15-Tetracosenoic acid (predicted molecular formula SIRIUS: C22H42O2 / BUDDY: C22H42O2) with delta m/z -28.031 (putative explanation: Desethylation, didemethylation, dealkylation|Met->Cys substitution|Val->Ala substitution; atomic difference: -2C,-4H|-2C,-4H|-2C,-4H) [M-H2O+H]+	ESI	Orbitrap	Crude	Pieter Dorrestein	Wout Bittremieux	[M-H2O+H]+	321.315	0.0	1	N/A	N/A	N/A	InChI=1S/C24H46O2/c1-2-3-4-5-6-7-8-9-10-11-12-13-14-15-16-17-18-19-20-21-22-23-24(25)26/h9-10H,2-8,11-23H2,1H3,(H,25,26)/b10-9- - 28.031 Da	N/A	4	Positive	UPDATE-SINGLE-ANNOTATED-BRONZE	Insilico	522	spectra_filtered/specs_ms.mgf	lib-00052.mgf	0.9262819999999999	GNPS-SUSPECTLIST	5490000.0	500.795	0.569863	9	0.000183105	321.315	321.315	1	spectra_filtered/specs_ms.mgf522	1		0	0	N/A	N/A	N/A	N/A	N/A	N/A	N/A	N/A
CCMSLIB00010112940	VITAMIN K1 CollisionEnergy:102040	LC-ESI	Orbitrap	Commercial	Trent Northen	JGI	M+2H]	226.182	0.0	1	N/A	N/A	CC(=CCC1=C(C)C(=O)c2ccccc2C1=O)CCCC(C)CCCC(C)CCCC(C)C	"""InChI=1S/C31H46O2/c1-22(2)12-9-13-23(3)14-10-15-24(4)16-11-17-25(5)20-21-27-26(6)30(32)28-18-7-8-19-29(28)31(27)33/h7-8,18-20,22-24H,9-17,21H2,1-6H3/b25-20+"""	N/A	3	Positive	UPDATE-SINGLE-ANNOTATED-BRONZE	Bronze	413	spectra_filtered/specs_ms.mgf	lib-00011.mgf	0.925441	BERKELEY-LAB	1780000.0	466.402	7.555789999999999	9	0.00170898	226.182	226.18	1	spectra_filtered/specs_ms.mgf413	1		0	0	MBWXNTAXLNYFJB-UHFFFAOYSA-N	MBWXNTAXLNYFJB	N/A	N/A	N/A	Meroterpenoids	Prenyl quinone meroterpenoids	Terpenoids
CCMSLIB00012093041	Suspect related to 17.alpha.-Methyl-5.beta.-androstan-3.alpha.,17.beta.-diol (predicted molecular formula SIRIUS: C20H36O2 / BUDDY: C20H36O2) with delta m/z 2.016 (putative explanation: Pro->Val substitution|reduction; atomic difference: 2H|2H) [M-2H2O+H]+	ESI	Orbitrap	Crude	Pieter Dorrestein	Wout Bittremieux	[M-2H2O+H]+	273.258	0.0	1	N/A	N/A	N/A	InChI=1S/C20H34O2/c1-18-9-6-14(21)12-13(18)4-5-15-16(18)7-10-19(2)17(15)8-11-20(19,3)22/h13-17,21-22H,4-12H2,1-3H3/t13-,14-,15-,16+,17+,18+,19+,20+/m1/s1 + 2.016 Da	N/A	4	Positive	UPDATE-SINGLE-ANNOTATED-BRONZE	Insilico	379	spectra_filtered/specs_ms.mgf	lib-00052.mgf	0.923881	GNPS-SUSPECTLIST	2580000.0	462.327	1.1168	10	0.000305176	273.258	273.258	1	spectra_filtered/specs_ms.mgf379	1		0	0	N/A	N/A	N/A	N/A	N/A	N/A	N/A	N/A
CCMSLIB00012081637	Suspect related to (2-{[3-(hexadecanoyloxy)-2-[octadec-9-enoyloxy]propyl phosphonato]oxy}ethyl)trimethylazanium (predicted molecular formula SIRIUS: C44H84NO8P / BUDDY: C44H84NO8P) with delta m/z 26.016 (putative explanation: Acetaldehyde +26|Ala->Pro substitution|unspecified; atomic difference: 2C,2H|2C,2H|2C,2H) [M+Na]+	LC-ESI	qTof	Crude	Pieter Dorrestein	Wout Bittremieux	[M+Na]+	808.58	0.0	1	N/A	N/A	N/A	N/A	N/A	4	Positive	UPDATE-SINGLE-ANNOTATED-BRONZE	Insilico	454	spectra_filtered/specs_ms.mgf	lib-00052.mgf	0.920222	GNPS-SUSPECTLIST	15000000.0	472.50699999999995	3.4722800000000005	6	0.00280762	808.58	808.5830000000001	1	spectra_filtered/specs_ms.mgf454	1		0	0	N/A	N/A	N/A	N/A	N/A	N/A	N/A	N/A
CCMSLIB00012088613	Suspect related to 1-Hexadecyl-2-(5Z,8Z,11Z,14Z-eicosatetraenoyl)-sn-glycero-3-phosphocholine (predicted molecular formula SIRIUS: C38H85N5O7P2 / BUDDY: C44H84NO8P) with delta m/z 18.01 (putative explanation: Proline oxidation to 5-hydroxy-2-aminovaleric acid|water; atomic difference: 2H,1O|2H,1O) [M+Na]+	ESI	Orbitrap	Crude	Pieter Dorrestein	Wout Bittremieux	[M+Na]+	808.582	0.0	1	N/A	N/A	N/A	InChI=1S/C44H82NO7P/c1-6-8-10-12-14-16-18-20-22-23-24-25-27-29-31-33-35-37-44(46)52-43(42-51-53(47,48)50-40-38-45(3,4)5)41-49-39-36-34-32-30-28-26-21-19-17-15-13-11-9-7-2/h14,16,20,22,24-25,29,31,43H,6-13,15,17-19,21,23,26-28,30,32-42H2,1-5H3/b16-14-,22-20-,25-24-,31-29- + 18.010 Da	N/A	4	Positive	UPDATE-SINGLE-ANNOTATED-BRONZE	Insilico	400	spectra_filtered/specs_ms.mgf	lib-00052.mgf	0.9152600000000001	GNPS-SUSPECTLIST	7760000.0	466.18800000000005	0.754842	8	0.000610352	808.582	808.5830000000001	1	spectra_filtered/specs_ms.mgf400	1		0	0	N/A	N/A	N/A	N/A	N/A	N/A	N/A	N/A
CCMSLIB00012105897	Suspect related to Decaethylene glycol tridecyl ether (predicted molecular formula SIRIUS: unknown / BUDDY: unknown) with delta m/z -85.042 (putative explanation: unspecified; atomic difference: unspecified) [M+H]+	ESI	QQQ	Crude	Pieter Dorrestein	Wout Bittremieux	[M+H]+	556.442	0.0	1	N/A	N/A	N/A	InChI=1S/C33H68O11/c1-2-3-4-5-6-7-8-9-10-11-12-14-35-16-18-37-20-22-39-24-26-41-28-30-43-32-33-44-31-29-42-27-25-40-23-21-38-19-17-36-15-13-34/h34H,2-33H2,1H3 - 85.042 Da	N/A	4	Positive	UPDATE-SINGLE-ANNOTATED-BRONZE	Insilico	266	spectra_filtered/specs_ms.mgf	lib-00052.mgf	0.913741	GNPS-SUSPECTLIST	3630000.0	425.731	0.43875299999999995	8	0.00024414099999999997	556.442	556.442	1	spectra_filtered/specs_ms.mgf266	1		0	0	N/A	N/A	N/A	N/A	N/A	N/A	N/A	N/A
CCMSLIB00012103961	Suspect related to Calcitriol (predicted molecular formula SIRIUS: C28H46O3 / BUDDY: C28H46O3) with delta m/z 14.016 (putative explanation: Asn->Gln substitution|Asp->Glu substitution|Gly->Ala substitution|Methylation|Ser->Thr substitution|Val->Leu/Ile substitution|chain elongation; atomic difference: 1C,2H|1C,2H|1C,2H|1C,2H|1C,2H|1C,2H|1C,2H) [M-3H2O+H]+	ESI	Orbitrap	Crude	Pieter Dorrestein	Wout Bittremieux	[M-3H2O+H]+	377.32	0.0	1	N/A	N/A	N/A	N/A	N/A	4	Positive	UPDATE-SINGLE-ANNOTATED-BRONZE	Insilico	553	spectra_filtered/specs_ms.mgf	lib-00052.mgf	0.9083829999999999	GNPS-SUSPECTLIST	6310000.0	537.857	0.485279	13	0.000183105	377.32	377.32	1	spectra_filtered/specs_ms.mgf553	1		0	0	N/A	N/A	N/A	N/A	N/A	N/A	N/A	N/A
CCMSLIB00012087573	Suspect related to 1,2-Dioleoyl-sn-glycero-3-phosphoethanolamine (predicted molecular formula SIRIUS: C33H68N7O6P / BUDDY: C37H72NO8P) with delta m/z -54.047 (putative explanation: nan (reverse); atomic difference: -4C,-6H) [M+Na]+	ESI	Orbitrap	Crude	Pieter Dorrestein	Wout Bittremieux	[M+Na]+	712.489	0.0	1	N/A	N/A	N/A	InChI=1S/C41H78NO8P/c1-3-5-7-9-11-13-15-17-19-21-23-25-27-29-31-33-40(43)47-37-39(38-49-51(45,46)48-36-35-42)50-41(44)34-32-30-28-26-24-22-20-18-16-14-12-10-8-6-4-2/h17-20,39H,3-16,21-38,42H2,1-2H3,(H,45,46)/b19-17-,20-18-/t39-/m1/s1 - 54.047 Da	N/A	4	Positive	UPDATE-SINGLE-ANNOTATED-BRONZE	Insilico	497	spectra_filtered/specs_ms.mgf	lib-00052.mgf	0.9075620000000001	GNPS-SUSPECTLIST	7200000.0	496.031	0.42832299999999995	10	0.000305176	712.489	712.4889999999999	1	spectra_filtered/specs_ms.mgf497	1		0	0	N/A	N/A	N/A	N/A	N/A	N/A	N/A	N/A
CCMSLIB00012088613	Suspect related to 1-Hexadecyl-2-(5Z,8Z,11Z,14Z-eicosatetraenoyl)-sn-glycero-3-phosphocholine (predicted molecular formula SIRIUS: C38H85N5O7P2 / BUDDY: C44H84NO8P) with delta m/z 18.01 (putative explanation: Proline oxidation to 5-hydroxy-2-aminovaleric acid|water; atomic difference: 2H,1O|2H,1O) [M+Na]+	ESI	Orbitrap	Crude	Pieter Dorrestein	Wout Bittremieux	[M+Na]+	808.582	0.0	1	N/A	N/A	N/A	InChI=1S/C44H82NO7P/c1-6-8-10-12-14-16-18-20-22-23-24-25-27-29-31-33-35-37-44(46)52-43(42-51-53(47,48)50-40-38-45(3,4)5)41-49-39-36-34-32-30-28-26-21-19-17-15-13-11-9-7-2/h14,16,20,22,24-25,29,31,43H,6-13,15,17-19,21,23,26-28,30,32-42H2,1-5H3/b16-14-,22-20-,25-24-,31-29- + 18.010 Da	N/A	4	Positive	UPDATE-SINGLE-ANNOTATED-BRONZE	Insilico	318	spectra_filtered/specs_ms.mgf	lib-00052.mgf	0.907482	GNPS-SUSPECTLIST	7890000.0	442.526	0.90581	8	0.0007324219999999999	808.582	808.5830000000001	1	spectra_filtered/specs_ms.mgf318	1		0	0	N/A	N/A	N/A	N/A	N/A	N/A	N/A	N/A
CCMSLIB00012088614	Suspect related to 1-Hexadecyl-2-(5Z,8Z,11Z,14Z-eicosatetraenoyl)-sn-glycero-3-phosphocholine (predicted molecular formula SIRIUS: C44H86NO8P / BUDDY: C44H86NO8P) with delta m/z 20.026 (putative explanation: Formation of five membered aromatic heterocycle (reverse); atomic difference: 4H,1O) [M+Na]+	ESI	Orbitrap	Crude	Pieter Dorrestein	Wout Bittremieux	[M+Na]+	810.598	0.0	1	N/A	N/A	N/A	InChI=1S/C44H82NO7P/c1-6-8-10-12-14-16-18-20-22-23-24-25-27-29-31-33-35-37-44(46)52-43(42-51-53(47,48)50-40-38-45(3,4)5)41-49-39-36-34-32-30-28-26-21-19-17-15-13-11-9-7-2/h14,16,20,22,24-25,29,31,43H,6-13,15,17-19,21,23,26-28,30,32-42H2,1-5H3/b16-14-,22-20-,25-24-,31-29- + 20.026 Da	N/A	4	Positive	UPDATE-SINGLE-ANNOTATED-BRONZE	Insilico	314	spectra_filtered/specs_ms.mgf	lib-00052.mgf	0.905285	GNPS-SUSPECTLIST	10380000.0	442.417	0.37648200000000004	8	0.000305176	810.598	810.5980000000001	1	spectra_filtered/specs_ms.mgf314	1		0	0	N/A	N/A	N/A	N/A	N/A	N/A	N/A	N/A
CCMSLIB00012125305	Suspect related to Methyl trans-vaccenate (predicted molecular formula SIRIUS: unknown / BUDDY: C21H43NO2) with delta m/z 45.058 (putative explanation: unspecified; atomic difference: 2C,7H,1N) [M-CH4O+H]+	ESI	Orbitrap	Crude	Pieter Dorrestein	Wout Bittremieux	[M-CH4O+H]+	310.31	0.0	1	N/A	N/A	N/A	InChI=1S/C19H36O2/c1-3-4-5-6-7-8-9-10-11-12-13-14-15-16-17-18-19(20)21-2/h8-9H,3-7,10-18H2,1-2H3/b9-8+ + 45.058 Da	N/A	4	Positive	UPDATE-SINGLE-ANNOTATED-BRONZE	Insilico	487	spectra_filtered/specs_ms.mgf	lib-00052.mgf	0.905091	GNPS-SUSPECTLIST	2170000.0	475.228	1.27849	9	0.000396729	310.31	310.31	1	spectra_filtered/specs_ms.mgf487	1		0	0	N/A	N/A	N/A	N/A	N/A	N/A	N/A	N/A
CCMSLIB00012089927	Suspect related to 1-Palmitoyl-2-myristoyl-sn-glycero-3-phosphocholine (predicted molecular formula SIRIUS: C40H76NO8P / BUDDY: C40H76NO8P) with delta m/z 24.0 (putative explanation: unspecified; atomic difference: 2C) [M+Na]+	ESI	Orbitrap	Crude	Pieter Dorrestein	Wout Bittremieux	[M+Na]+	752.519	0.0	1	N/A	N/A	N/A	InChI=1S/C38H76NO8P/c1-6-8-10-12-14-16-18-19-21-22-24-26-28-30-37(40)44-34-36(35-46-48(42,43)45-33-32-39(3,4)5)47-38(41)31-29-27-25-23-20-17-15-13-11-9-7-2/h36H,6-35H2,1-5H3/t36-/m1/s1 + 24.000 Da	N/A	4	Positive	UPDATE-SINGLE-ANNOTATED-BRONZE	Insilico	502	spectra_filtered/specs_ms.mgf	lib-00052.mgf	0.9033260000000001	GNPS-SUSPECTLIST	13920000.0	493.1	1.37883	11	0.0010375999999999999	752.519	752.52	1	spectra_filtered/specs_ms.mgf502	1		0	0	N/A	N/A	N/A	N/A	N/A	N/A	N/A	N/A
CCMSLIB00012089990	Suspect related to 1-Palmitoyl-2-oleoyl-sn-glycero-3-phosphoethanolamine (predicted molecular formula SIRIUS: C37H72NO8P / BUDDY: C37H72NO8P) with delta m/z -28.031 (putative explanation: Desethylation, didemethylation, dealkylation|Met->Cys substitution|Val->Ala substitution; atomic difference: -2C,-4H|-2C,-4H|-2C,-4H) [M+H]+	ESI	Orbitrap	Crude	Pieter Dorrestein	Wout Bittremieux	[M+H]+	690.51	0.0	1	N/A	N/A	N/A	InChI=1S/C39H76NO8P/c1-3-5-7-9-11-13-15-17-18-20-22-24-26-28-30-32-39(42)48-37(36-47-49(43,44)46-34-33-40)35-45-38(41)31-29-27-25-23-21-19-16-14-12-10-8-6-4-2/h17-18,37H,3-16,19-36,40H2,1-2H3,(H,43,44)/b18-17-/t37-/m1/s1 - 28.031 Da	N/A	4	Positive	UPDATE-SINGLE-ANNOTATED-BRONZE	Insilico	614	spectra_filtered/specs_ms.mgf	lib-00052.mgf	0.90295	GNPS-SUSPECTLIST	6470000.0	613.635	5.1267	7	0.00354004	690.51	690.5060000000001	1	spectra_filtered/specs_ms.mgf614	1		0	0	N/A	N/A	N/A	N/A	N/A	N/A	N/A	N/A
CCMSLIB00012089927	Suspect related to 1-Palmitoyl-2-myristoyl-sn-glycero-3-phosphocholine (predicted molecular formula SIRIUS: C40H76NO8P / BUDDY: C40H76NO8P) with delta m/z 24.0 (putative explanation: unspecified; atomic difference: 2C) [M+Na]+	ESI	Orbitrap	Crude	Pieter Dorrestein	Wout Bittremieux	[M+Na]+	752.519	0.0	1	N/A	N/A	N/A	InChI=1S/C38H76NO8P/c1-6-8-10-12-14-16-18-19-21-22-24-26-28-30-37(40)44-34-36(35-46-48(42,43)45-33-32-39(3,4)5)47-38(41)31-29-27-25-23-20-17-15-13-11-9-7-2/h36H,6-35H2,1-5H3/t36-/m1/s1 + 24.000 Da	N/A	4	Positive	UPDATE-SINGLE-ANNOTATED-BRONZE	Insilico	476	spectra_filtered/specs_ms.mgf	lib-00052.mgf	0.901224	GNPS-SUSPECTLIST	17930000.0	473.477	1.37883	11	0.0010375999999999999	752.519	752.52	1	spectra_filtered/specs_ms.mgf476	1		0	0	N/A	N/A	N/A	N/A	N/A	N/A	N/A	N/A
CCMSLIB00012096030	Suspect related to 23 (predicted molecular formula SIRIUS: C6H2N2O4 / BUDDY: C6H2N2O4) with delta m/z -41.027 (putative explanation: Gln->Ser substitution; atomic difference: -2C,-3H,-1N) [M+H]+	LC-ESI	Orbitrap	Crude	Pieter Dorrestein	Wout Bittremieux	[M+H]+	167.01	0.0	1	N/A	N/A	N/A	N/A	N/A	4	Positive	UPDATE-SINGLE-ANNOTATED-BRONZE	Insilico	697	spectra_filtered/specs_ms.mgf	lib-00052.mgf	0.900014	GNPS-SUSPECTLIST	68130000.0	628.635	17.3593	7	0.00289917	167.01	167.013	1	spectra_filtered/specs_ms.mgf697	1		0	0	N/A	N/A	N/A	N/A	N/A	N/A	N/A	N/A
CCMSLIB00012088614	Suspect related to 1-Hexadecyl-2-(5Z,8Z,11Z,14Z-eicosatetraenoyl)-sn-glycero-3-phosphocholine (predicted molecular formula SIRIUS: C44H86NO8P / BUDDY: C44H86NO8P) with delta m/z 20.026 (putative explanation: Formation of five membered aromatic heterocycle (reverse); atomic difference: 4H,1O) [M+Na]+	ESI	Orbitrap	Crude	Pieter Dorrestein	Wout Bittremieux	[M+Na]+	810.598	0.0	1	N/A	N/A	N/A	InChI=1S/C44H82NO7P/c1-6-8-10-12-14-16-18-20-22-23-24-25-27-29-31-33-35-37-44(46)52-43(42-51-53(47,48)50-40-38-45(3,4)5)41-49-39-36-34-32-30-28-26-21-19-17-15-13-11-9-7-2/h14,16,20,22,24-25,29,31,43H,6-13,15,17-19,21,23,26-28,30,32-42H2,1-5H3/b16-14-,22-20-,25-24-,31-29- + 20.026 Da	N/A	4	Positive	UPDATE-SINGLE-ANNOTATED-BRONZE	Insilico	408	spectra_filtered/specs_ms.mgf	lib-00052.mgf	0.898747	GNPS-SUSPECTLIST	9170000.0	467.163	0.677668	7	0.000549316	810.598	810.597	1	spectra_filtered/specs_ms.mgf408	1		0	0	N/A	N/A	N/A	N/A	N/A	N/A	N/A	N/A
CCMSLIB00012089923	Suspect related to 1-Palmitoyl-2-myristoyl-sn-glycero-3-phosphocholine (predicted molecular formula SIRIUS: C34H70N7O6P / BUDDY: C38H74NO8P) with delta m/z -2.016 (putative explanation: 2-amino-3-oxo-butanoic_acid|Intact disulfide bridge|Val->Pro substitution; atomic difference: -2H|-2H|-2H) [M+Na]+	ESI	Orbitrap	Crude	Pieter Dorrestein	Wout Bittremieux	[M+Na]+	726.504	0.0	1	N/A	N/A	N/A	InChI=1S/C38H76NO8P/c1-6-8-10-12-14-16-18-19-21-22-24-26-28-30-37(40)44-34-36(35-46-48(42,43)45-33-32-39(3,4)5)47-38(41)31-29-27-25-23-20-17-15-13-11-9-7-2/h36H,6-35H2,1-5H3/t36-/m1/s1 - 2.016 Da	N/A	4	Positive	UPDATE-SINGLE-ANNOTATED-BRONZE	Insilico	401	spectra_filtered/specs_ms.mgf	lib-00052.mgf	0.894749	GNPS-SUSPECTLIST	2830000.0	469.899	0.25203600000000004	6	0.000183105	726.504	726.5039999999999	1	spectra_filtered/specs_ms.mgf401	1		0	0	N/A	N/A	N/A	N/A	N/A	N/A	N/A	N/A
CCMSLIB00003139767	Spectral Match to 13-Docosenamide, (Z)- from NIST14	ESI	QQQ	Isolated	Data from PDorrestein	Data deposited by amelnik	2M+H	675.675	337.335	1	112845	N/A	CCCCCCCC/C=C\CCCCCCCCCCCC(=O)N	InChI=1S/C22H43NO/c1-2-3-4-5-6-7-8-9-10-11-12-13-14-15-16-17-18-19-20-21-22(23)24/h9-10H,2-8,11-21H2,1H3,(H2,23,24)/b10-9-	N/A	3	Positive	UPDATE-SINGLE-ANNOTATED-BRONZE	Bronze	524	spectra_filtered/specs_ms.mgf	lib-00018.mgf	0.8936540000000001	GNPS-NIST14-MATCHES	13010000.0	500.915	1.08399	9	0.0007324219999999999	675.675	675.676	1	spectra_filtered/specs_ms.mgf524	1		345	29203	UAUDZVJPLUQNMU-KTKRTIGZSA-N	UAUDZVJPLUQNMU	N/A	N/A	N/A	Fatty amides	Primary amides	Fatty acids
CCMSLIB00012113829	Suspect related to Massbank:AU406506 3,6,9,12-Tetraoxatetracosan-1-ol|Tetraethylene glycol monododecyl ether|2-[2-[2-(2-dodecoxyethoxy)ethoxy]ethoxy]ethanol (predicted molecular formula SIRIUS: C36H61N3O4 / BUDDY: C37H61NO5) with delta m/z 237.158 (putative explanation: unspecified; atomic difference: unspecified) [M+H]+	ESI	qTof	Crude	Pieter Dorrestein	Wout Bittremieux	[M+H]+	600.468	0.0	1	N/A	N/A	N/A	1S/C20H42O5/c1-2-3-4-5-6-7-8-9-10-11-13-22-15-17-24-19-20-25-18-16-23-14-12-21/h21H,2-20H2,1H3 + 237.158 Da	N/A	4	Positive	UPDATE-SINGLE-ANNOTATED-BRONZE	Insilico	264	spectra_filtered/specs_ms.mgf	lib-00052.mgf	0.893495	GNPS-SUSPECTLIST	3700000.0	425.39599999999996	0.0	6	0.0	600.468	600.4680000000001	1	spectra_filtered/specs_ms.mgf264	1		0	0	N/A	N/A	N/A	N/A	N/A	N/A	N/A	N/A
CCMSLIB00012156419	Suspect related to Spectral Match to Myristoleic acid from NIST14 (predicted molecular formula SIRIUS: C16H30O2 / BUDDY: C16H30O2) with delta m/z 28.031 (putative explanation: Acetaldehyde +28|Ala->Val substitution|Cys->Met substitution|Ethylation|di-Methylation; atomic difference: 2C,4H|2C,4H|2C,4H|2C,4H|2C,4H) [M+H]+	ESI	qTof	Crude	Pieter Dorrestein	Wout Bittremieux	[M+H]+	255.232	0.0	1	N/A	N/A	N/A	N/A	N/A	4	Positive	UPDATE-SINGLE-ANNOTATED-BRONZE	Insilico	316	spectra_filtered/specs_ms.mgf	lib-00052.mgf	0.893329	GNPS-SUSPECTLIST	3920000.0	442.525	0.0	10	0.0	255.232	255.232	1	spectra_filtered/specs_ms.mgf316	1		0	0	N/A	N/A	N/A	N/A	N/A	N/A	N/A	N/A
CCMSLIB00012103961	Suspect related to Calcitriol (predicted molecular formula SIRIUS: C28H46O3 / BUDDY: C28H46O3) with delta m/z 14.016 (putative explanation: Asn->Gln substitution|Asp->Glu substitution|Gly->Ala substitution|Methylation|Ser->Thr substitution|Val->Leu/Ile substitution|chain elongation; atomic difference: 1C,2H|1C,2H|1C,2H|1C,2H|1C,2H|1C,2H|1C,2H) [M-3H2O+H]+	ESI	Orbitrap	Crude	Pieter Dorrestein	Wout Bittremieux	[M-3H2O+H]+	377.32	0.0	1	N/A	N/A	N/A	N/A	N/A	4	Positive	UPDATE-SINGLE-ANNOTATED-BRONZE	Insilico	327	spectra_filtered/specs_ms.mgf	lib-00052.mgf	0.889927	GNPS-SUSPECTLIST	2480000.0	448.25699999999995	0.8087979999999999	8	0.000305176	377.32	377.32	1	spectra_filtered/specs_ms.mgf327	1		0	0	N/A	N/A	N/A	N/A	N/A	N/A	N/A	N/A
CCMSLIB00012088614	Suspect related to 1-Hexadecyl-2-(5Z,8Z,11Z,14Z-eicosatetraenoyl)-sn-glycero-3-phosphocholine (predicted molecular formula SIRIUS: C44H86NO8P / BUDDY: C44H86NO8P) with delta m/z 20.026 (putative explanation: Formation of five membered aromatic heterocycle (reverse); atomic difference: 4H,1O) [M+Na]+	ESI	Orbitrap	Crude	Pieter Dorrestein	Wout Bittremieux	[M+Na]+	810.598	0.0	1	N/A	N/A	N/A	InChI=1S/C44H82NO7P/c1-6-8-10-12-14-16-18-20-22-23-24-25-27-29-31-33-35-37-44(46)52-43(42-51-53(47,48)50-40-38-45(3,4)5)41-49-39-36-34-32-30-28-26-21-19-17-15-13-11-9-7-2/h14,16,20,22,24-25,29,31,43H,6-13,15,17-19,21,23,26-28,30,32-42H2,1-5H3/b16-14-,22-20-,25-24-,31-29- + 20.026 Da	N/A	4	Positive	UPDATE-SINGLE-ANNOTATED-BRONZE	Insilico	470	spectra_filtered/specs_ms.mgf	lib-00052.mgf	0.8893399999999999	GNPS-SUSPECTLIST	14230000.0	472.506	0.527075	7	0.000427246	810.598	810.5980000000001	1	spectra_filtered/specs_ms.mgf470	1		0	0	N/A	N/A	N/A	N/A	N/A	N/A	N/A	N/A
CCMSLIB00012089993	Suspect related to 1-Palmitoyl-2-oleoyl-sn-glycero-3-phosphoethanolamine (predicted molecular formula SIRIUS: C39H74NO8P / BUDDY: C39H74NO8P) with delta m/z -2.016 (putative explanation: 2-amino-3-oxo-butanoic_acid|Intact disulfide bridge|Val->Pro substitution; atomic difference: -2H|-2H|-2H) [M+H]+	ESI	Orbitrap	Crude	Pieter Dorrestein	Wout Bittremieux	[M+H]+	716.525	0.0	1	N/A	N/A	N/A	InChI=1S/C39H76NO8P/c1-3-5-7-9-11-13-15-17-18-20-22-24-26-28-30-32-39(42)48-37(36-47-49(43,44)46-34-33-40)35-45-38(41)31-29-27-25-23-21-19-16-14-12-10-8-6-4-2/h17-18,37H,3-16,19-36,40H2,1-2H3,(H,43,44)/b18-17-/t37-/m1/s1 - 2.016 Da	N/A	4	Positive	UPDATE-SINGLE-ANNOTATED-BRONZE	Insilico	315	spectra_filtered/specs_ms.mgf	lib-00052.mgf	0.8852129999999999	GNPS-SUSPECTLIST	4500000.0	442.365	3.6628300000000005	7	0.00262451	716.525	716.5219999999999	1	spectra_filtered/specs_ms.mgf315	1		0	0	N/A	N/A	N/A	N/A	N/A	N/A	N/A	N/A
CCMSLIB00012137523	Suspect related to OMEGA-HYDROXYDODECANOATE (predicted molecular formula SIRIUS: C13H27NO4 / BUDDY: C13H27NO4) with delta m/z 45.021 (putative explanation: unspecified; atomic difference: 1C,3H,1N,1O) [M-H2O+H]+	ESI	Orbitrap	Crude	Pieter Dorrestein	Wout Bittremieux	[M-H2O+H]+	244.191	0.0	1	N/A	N/A	N/A	InChI=1S/C12H24O3/c13-11-9-7-5-3-1-2-4-6-8-10-12(14)15/h13H,1-11H2,(H,14,15) + 45.021 Da	N/A	4	Positive	UPDATE-SINGLE-ANNOTATED-BRONZE	Insilico	415	spectra_filtered/specs_ms.mgf	lib-00052.mgf	0.882916	GNPS-SUSPECTLIST	4290000.0	466.402	0.8123319999999999	9	0.00019836400000000003	244.191	244.19099999999997	1	spectra_filtered/specs_ms.mgf415	1		0	0	N/A	N/A	N/A	N/A	N/A	N/A	N/A	N/A
CCMSLIB00012089927	Suspect related to 1-Palmitoyl-2-myristoyl-sn-glycero-3-phosphocholine (predicted molecular formula SIRIUS: C40H76NO8P / BUDDY: C40H76NO8P) with delta m/z 24.0 (putative explanation: unspecified; atomic difference: 2C) [M+Na]+	ESI	Orbitrap	Crude	Pieter Dorrestein	Wout Bittremieux	[M+Na]+	752.519	0.0	1	N/A	N/A	N/A	InChI=1S/C38H76NO8P/c1-6-8-10-12-14-16-18-19-21-22-24-26-28-30-37(40)44-34-36(35-46-48(42,43)45-33-32-39(3,4)5)47-38(41)31-29-27-25-23-20-17-15-13-11-9-7-2/h36H,6-35H2,1-5H3/t36-/m1/s1 + 24.000 Da	N/A	4	Positive	UPDATE-SINGLE-ANNOTATED-BRONZE	Insilico	615	spectra_filtered/specs_ms.mgf	lib-00052.mgf	0.8814639999999999	GNPS-SUSPECTLIST	3470000.0	613.852	0.811078	7	0.000610352	752.519	752.52	1	spectra_filtered/specs_ms.mgf615	1		0	0	N/A	N/A	N/A	N/A	N/A	N/A	N/A	N/A
CCMSLIB00012164426	Suspect related to cis-15-Tetracosenoic acid (predicted molecular formula SIRIUS: C28H42O / BUDDY: C28H42O) with delta m/z 27.978 (putative explanation: unspecified; atomic difference: unspecified) [M+H]+	ESI	Orbitrap	Crude	Pieter Dorrestein	Wout Bittremieux	[M+H]+	395.331	0.0	1	N/A	N/A	N/A	InChI=1S/C24H46O2/c1-2-3-4-5-6-7-8-9-10-11-12-13-14-15-16-17-18-19-20-21-22-23-24(25)26/h9-10H,2-8,11-23H2,1H3,(H,25,26)/b10-9- + 27.978 Da	N/A	4	Positive	UPDATE-SINGLE-ANNOTATED-BRONZE	Insilico	326	spectra_filtered/specs_ms.mgf	lib-00052.mgf	0.879009	GNPS-SUSPECTLIST	3300000.0	448.097	0.77195	11	0.000305176	395.331	395.33099999999996	1	spectra_filtered/specs_ms.mgf326	1		0	0	N/A	N/A	N/A	N/A	N/A	N/A	N/A	N/A
CCMSLIB00012125218	Suspect related to Methyl trans-vaccenate (predicted molecular formula SIRIUS: C18H32O / BUDDY: C18H32O) with delta m/z -32.026 (putative explanation: nan (reverse); atomic difference: -1C,-4H,-1O) [M+H]+	ESI	Orbitrap	Crude	Pieter Dorrestein	Wout Bittremieux	[M+H]+	265.252	0.0	1	N/A	N/A	N/A	InChI=1S/C19H36O2/c1-3-4-5-6-7-8-9-10-11-12-13-14-15-16-17-18-19(20)21-2/h8-9H,3-7,10-18H2,1-2H3/b9-8+ - 32.026 Da	N/A	4	Positive	UPDATE-SINGLE-ANNOTATED-BRONZE	Insilico	330	spectra_filtered/specs_ms.mgf	lib-00052.mgf	0.878497	GNPS-SUSPECTLIST	1090000.0	450.92	2.18597	8	0.000579834	265.252	265.253	1	spectra_filtered/specs_ms.mgf330	1		0	0	N/A	N/A	N/A	N/A	N/A	N/A	N/A	N/A
CCMSLIB00012089923	Suspect related to 1-Palmitoyl-2-myristoyl-sn-glycero-3-phosphocholine (predicted molecular formula SIRIUS: C34H70N7O6P / BUDDY: C38H74NO8P) with delta m/z -2.016 (putative explanation: 2-amino-3-oxo-butanoic_acid|Intact disulfide bridge|Val->Pro substitution; atomic difference: -2H|-2H|-2H) [M+Na]+	ESI	Orbitrap	Crude	Pieter Dorrestein	Wout Bittremieux	[M+Na]+	726.504	0.0	1	N/A	N/A	N/A	InChI=1S/C38H76NO8P/c1-6-8-10-12-14-16-18-19-21-22-24-26-28-30-37(40)44-34-36(35-46-48(42,43)45-33-32-39(3,4)5)47-38(41)31-29-27-25-23-20-17-15-13-11-9-7-2/h36H,6-35H2,1-5H3/t36-/m1/s1 - 2.016 Da	N/A	4	Positive	UPDATE-SINGLE-ANNOTATED-BRONZE	Insilico	440	spectra_filtered/specs_ms.mgf	lib-00052.mgf	0.87808	GNPS-SUSPECTLIST	3850000.0	472.13	0.336049	7	0.00024414099999999997	726.504	726.5039999999999	1	spectra_filtered/specs_ms.mgf440	1		0	0	N/A	N/A	N/A	N/A	N/A	N/A	N/A	N/A
CCMSLIB00003136765	Spectral Match to Elaidic acid from NIST14	ESI	QQQ	Isolated	Data from Gabriel Haddad	Data deposited by mjmeehan	M+H	283.263	282.256	1	112798	N/A	CCCCCCCC/C=C/CCCCCCCC(=O)O	InChI=1S/C18H34O2/c1-2-3-4-5-6-7-8-9-10-11-12-13-14-15-16-17-18(19)20/h9-10H,2-8,11-17H2,1H3,(H,19,20)/b10-9+	N/A	3	Positive	UPDATE-SINGLE-ANNOTATED-BRONZE	Bronze	460	spectra_filtered/specs_ms.mgf	lib-00018.mgf	0.869434	GNPS-NIST14-MATCHES	2840000.0	472.559	0.754151	10	0.000213623	283.263	283.263	1	spectra_filtered/specs_ms.mgf460	1		23	1268	ZQPPMHVWECSIRJ-MDZDMXLPSA-N	ZQPPMHVWECSIRJ	N/A	N/A	N/A	Fatty Acids and Conjugates	Unsaturated fatty acids	Fatty acids
CCMSLIB00006682588	SPHINGANINE	ESI	qTof	isolated	MoNA	MoNA:MoNA032539	M+H	302.305	0.0	1	N/A	N/A	CCCCCCCCCCCCCCC[C@H]([C@H](CO)N)O	"""InChI=1S/C18H39NO2/c1-2-3-4-5-6-7-8-9-10-11-12-13-14-15-18(21)17(19)16-20/h17-18,20-21H,2-16,19H2,1H3/t17-,18+/m0/s1"""	N/A	3	positive	UPDATE-SINGLE-ANNOTATED-BRONZE	Bronze	138	spectra_filtered/specs_ms.mgf	lib-00003.mgf	0.8674219999999999	MONA	12390000.0	328.469	1.0095	9	0.000305176	302.305	302.305	1	spectra_filtered/specs_ms.mgf138	1		0	0	OTKJDMGTUTTYMP-ZWKOTPCHSA-N	OTKJDMGTUTTYMP	N/A	N/A	N/A	Sphingolipids	Sphingoid bases	Fatty acids
CCMSLIB00012158116	Suspect related to Spectral Match to Phytosphingosine from NIST14 (predicted molecular formula SIRIUS: C20H43NO3 / BUDDY: C20H43NO3) with delta m/z 28.031 (putative explanation: Acetaldehyde +28|Ala->Val substitution|Cys->Met substitution|Ethylation|di-Methylation; atomic difference: 2C,4H|2C,4H|2C,4H|2C,4H|2C,4H) [M+H]+	ESI	Orbitrap	Crude	Pieter Dorrestein	Wout Bittremieux	[M+H]+	346.332	0.0	1	N/A	N/A	N/A	N/A	N/A	4	Positive	UPDATE-SINGLE-ANNOTATED-BRONZE	Insilico	152	spectra_filtered/specs_ms.mgf	lib-00052.mgf	0.863353	GNPS-SUSPECTLIST	16820000.0	339.11300000000006	1.4098600000000001	8	0.00048828099999999997	346.332	346.332	1	spectra_filtered/specs_ms.mgf152	1		0	0	N/A	N/A	N/A	N/A	N/A	N/A	N/A	N/A
CCMSLIB00012089667	Suspect related to 1-Palmitoyl-2-hydroxy-sn-glycero-3-phosphoethanolamine (predicted molecular formula SIRIUS: C23H46NO7P / BUDDY: C25H41N3O6) with delta m/z 26.016 (putative explanation: Acetaldehyde +26|Ala->Pro substitution|unspecified; atomic difference: 2C,2H|2C,2H|2C,2H) [M+H]+	ESI	Orbitrap	Crude	Pieter Dorrestein	Wout Bittremieux	[M+H]+	480.308	0.0	1	N/A	N/A	N/A	InChI=1S/C21H44NO7P/c1-2-3-4-5-6-7-8-9-10-11-12-13-14-15-21(24)27-18-20(23)19-29-30(25,26)28-17-16-22/h20,23H,2-19,22H2,1H3,(H,25,26)/t20-/m1/s1 + 26.016 Da	N/A	4	Positive	UPDATE-SINGLE-ANNOTATED-BRONZE	Insilico	219	spectra_filtered/specs_ms.mgf	lib-00052.mgf	0.863345	GNPS-SUSPECTLIST	3960000.0	373.43	0.571838	6	0.000274658	480.308	480.30800000000005	1	spectra_filtered/specs_ms.mgf219	1		0	0	N/A	N/A	N/A	N/A	N/A	N/A	N/A	N/A
CCMSLIB00012149189	Suspect related to Spectral Match to 3-Hydroxyoctadecanoic Acid from NIST14 (predicted molecular formula SIRIUS: C22H45NO2 / BUDDY: C22H45NO2) with delta m/z 55.079 (putative explanation: unspecified; atomic difference: unspecified) [M-H2O+H]+	ESI	Orbitrap	Crude	Pieter Dorrestein	Wout Bittremieux	[M-H2O+H]+	338.342	0.0	1	N/A	N/A	N/A	N/A	N/A	4	Positive	UPDATE-SINGLE-ANNOTATED-BRONZE	Insilico	523	spectra_filtered/specs_ms.mgf	lib-00052.mgf	0.861534	GNPS-SUSPECTLIST	44250000.0	500.902	0.9019739999999999	13	0.000305176	338.342	338.342	1	spectra_filtered/specs_ms.mgf523	1		0	0	N/A	N/A	N/A	N/A	N/A	N/A	N/A	N/A
CCMSLIB00012111383	Suspect related to Linoleic acid methyl ester (predicted molecular formula SIRIUS: C22H41NO / BUDDY: C22H41NO) with delta m/z 41.063 (putative explanation: Ser->Lys substitution; atomic difference: 3C,7H,1N,-1O) [M+H]+	ESI	Orbitrap	Crude	Pieter Dorrestein	Wout Bittremieux	[M+H]+	336.326	0.0	1	N/A	N/A	N/A	InChI=1S/C19H34O2/c1-3-4-5-6-7-8-9-10-11-12-13-14-15-16-17-18-19(20)21-2/h7-8,10-11H,3-6,9,12-18H2,1-2H3/b8-7-,11-10- + 41.063 Da	N/A	4	Positive	UPDATE-SINGLE-ANNOTATED-BRONZE	Insilico	491	spectra_filtered/specs_ms.mgf	lib-00052.mgf	0.8516959999999999	GNPS-SUSPECTLIST	1220000.0	482.43199999999996	0.272214	7	9.15527e-05	336.326	336.32599999999996	1	spectra_filtered/specs_ms.mgf491	1		0	0	N/A	N/A	N/A	N/A	N/A	N/A	N/A	N/A
CCMSLIB00012113827	Suspect related to Massbank:AU406506 3,6,9,12-Tetraoxatetracosan-1-ol|Tetraethylene glycol monododecyl ether|2-[2-[2-(2-dodecoxyethoxy)ethoxy]ethoxy]ethanol (predicted molecular formula SIRIUS: C27H53N5O4 / BUDDY: C27H53N5O4) with delta m/z 149.105 (putative explanation: unspecified; atomic difference: unspecified) [M+H]+	ESI	qTof	Crude	Pieter Dorrestein	Wout Bittremieux	[M+H]+	512.417	0.0	1	N/A	N/A	N/A	1S/C20H42O5/c1-2-3-4-5-6-7-8-9-10-11-13-22-15-17-24-19-20-25-18-16-23-14-12-21/h21H,2-20H2,1H3 + 149.105 Da	N/A	4	Positive	UPDATE-SINGLE-ANNOTATED-BRONZE	Insilico	270	spectra_filtered/specs_ms.mgf	lib-00052.mgf	0.841986	GNPS-SUSPECTLIST	3010000.0	426.152	2.73958	6	0.00140381	512.417	512.4159999999999	1	spectra_filtered/specs_ms.mgf270	1		0	0	N/A	N/A	N/A	N/A	N/A	N/A	N/A	N/A
CCMSLIB00012140211	Suspect related to Polyporic acid (predicted molecular formula SIRIUS: unknown / BUDDY: C13H16O5S) with delta m/z -15.995 (putative explanation: Ser->Ala substitution|Tyr->Phe substitution|reduction; atomic difference: -1O|-1O|-1O) [2M+CH3CN+H]+	LC-ESI	Orbitrap	Crude	Pieter Dorrestein	Wout Bittremieux	[2M+CH3CN+H]+	610.18	0.0	1	N/A	N/A	N/A	InChI=1S/C18H12O4/c19-15-13(11-7-3-1-4-8-11)16(20)18(22)14(17(15)21)12-9-5-2-6-10-12/h1-10,19,22H - 15.995 Da	N/A	4	Positive	UPDATE-SINGLE-ANNOTATED-BRONZE	Insilico	581	spectra_filtered/specs_ms.mgf	lib-00052.mgf	0.833988	GNPS-SUSPECTLIST	3110000.0	589.49	6.4018	7	0.00390625	610.18	610.184	1	spectra_filtered/specs_ms.mgf581	1		0	0	N/A	N/A	N/A	N/A	N/A	N/A	N/A	N/A
CCMSLIB00012081589	Suspect related to (2-{[3-(hexadecanoyloxy)-2-[icosa-5.8.11.14.17-pentaenoyloxy]propyl phosphonato]oxy}ethyl)trimethylazanium (predicted molecular formula SIRIUS: C42H80NO8P / BUDDY: C42H80NO8P) with delta m/z -21.984 (putative explanation: glyoxal-derived AGE (reverse)|Sodium adduct (reverse); atomic difference: -2C,2H|1H,-1Na) [M+Na]+	LC-ESI	qTof	Crude	Pieter Dorrestein	Wout Bittremieux	[M+Na]+	780.548	0.0	1	N/A	N/A	N/A	N/A	N/A	4	Positive	UPDATE-SINGLE-ANNOTATED-BRONZE	Insilico	310	spectra_filtered/specs_ms.mgf	lib-00052.mgf	0.832202	GNPS-SUSPECTLIST	14710000.0	442.472	4.37893	6	0.00341797	780.548	780.551	1	spectra_filtered/specs_ms.mgf310	1		0	0	N/A	N/A	N/A	N/A	N/A	N/A	N/A	N/A
CCMSLIB00012087265	Suspect related to 1,2,3-Trihexadecanoyl-sn-glycerol (predicted molecular formula SIRIUS: unknown / BUDDY: unknown) with delta m/z -2.016 (putative explanation: 2-amino-3-oxo-butanoic_acid|Intact disulfide bridge|Val->Pro substitution; atomic difference: -2H|-2H|-2H) [M+Na]+	ESI	QQQ	Crude	Pieter Dorrestein	Wout Bittremieux	[M+Na]+	827.708	0.0	1	N/A	N/A	N/A	InChI=1S/C51H98O6/c1-4-7-10-13-16-19-22-25-28-31-34-37-40-43-49(52)55-46-48(57-51(54)45-42-39-36-33-30-27-24-21-18-15-12-9-6-3)47-56-50(53)44-41-38-35-32-29-26-23-20-17-14-11-8-5-2/h48H,4-47H2,1-3H3 - 2.016 Da	N/A	4	Positive	UPDATE-SINGLE-ANNOTATED-BRONZE	Insilico	552	spectra_filtered/specs_ms.mgf	lib-00052.mgf	0.810846	GNPS-SUSPECTLIST	4120000.0	538.102	2.65464	9	0.00219727	827.708	827.71	1	spectra_filtered/specs_ms.mgf552	1		0	0	N/A	N/A	N/A	N/A	N/A	N/A	N/A	N/A
CCMSLIB00012089942	Suspect related to 1-Palmitoyl-2-oleoyl-3-linoleoyl-rac-glycerol (predicted molecular formula SIRIUS: C53H98O6 / BUDDY: C53H98O6) with delta m/z -26.015 (putative explanation: Alkyl loss (typically partial loss from ring)|Pro->Ala substitution; atomic difference: -2C,-2H|-2C,-2H) [M+Na]+	ESI	Orbitrap	Crude	Pieter Dorrestein	Wout Bittremieux	[M+Na]+	853.725	0.0	1	N/A	N/A	N/A	InChI=1S/C55H100O6/c1-4-7-10-13-16-19-22-25-27-30-33-36-39-42-45-48-54(57)60-51-52(50-59-53(56)47-44-41-38-35-32-29-24-21-18-15-12-9-6-3)61-55(58)49-46-43-40-37-34-31-28-26-23-20-17-14-11-8-5-2/h16,19,25-28,52H,4-15,17-18,20-24,29-51H2,1-3H3/b19-16-,27-25-,28-26- - 26.015 Da	N/A	4	Positive	UPDATE-SINGLE-ANNOTATED-BRONZE	Insilico	571	spectra_filtered/specs_ms.mgf	lib-00052.mgf	0.806673	GNPS-SUSPECTLIST	14720000.0	579.6030000000001	0.6434350000000001	12	0.000549316	853.725	853.7260000000001	1	spectra_filtered/specs_ms.mgf571	1		0	0	N/A	N/A	N/A	N/A	N/A	N/A	N/A	N/A
CCMSLIB00012164426	Suspect related to cis-15-Tetracosenoic acid (predicted molecular formula SIRIUS: C28H42O / BUDDY: C28H42O) with delta m/z 27.978 (putative explanation: unspecified; atomic difference: unspecified) [M+H]+	ESI	Orbitrap	Crude	Pieter Dorrestein	Wout Bittremieux	[M+H]+	395.331	0.0	1	N/A	N/A	N/A	InChI=1S/C24H46O2/c1-2-3-4-5-6-7-8-9-10-11-12-13-14-15-16-17-18-19-20-21-22-23-24(25)26/h9-10H,2-8,11-23H2,1H3,(H,25,26)/b10-9- + 27.978 Da	N/A	4	Positive	UPDATE-SINGLE-ANNOTATED-BRONZE	Insilico	560	spectra_filtered/specs_ms.mgf	lib-00052.mgf	0.802558	GNPS-SUSPECTLIST	1570000.0	538.073	0.77195	6	0.000305176	395.331	395.33099999999996	1	spectra_filtered/specs_ms.mgf560	1		0	0	N/A	N/A	N/A	N/A	N/A	N/A	N/A	N/A
CCMSLIB00012164426	Suspect related to cis-15-Tetracosenoic acid (predicted molecular formula SIRIUS: C28H42O / BUDDY: C28H42O) with delta m/z 27.978 (putative explanation: unspecified; atomic difference: unspecified) [M+H]+	ESI	Orbitrap	Crude	Pieter Dorrestein	Wout Bittremieux	[M+H]+	395.331	0.0	1	N/A	N/A	N/A	InChI=1S/C24H46O2/c1-2-3-4-5-6-7-8-9-10-11-12-13-14-15-16-17-18-19-20-21-22-23-24(25)26/h9-10H,2-8,11-23H2,1H3,(H,25,26)/b10-9- + 27.978 Da	N/A	4	Positive	UPDATE-SINGLE-ANNOTATED-BRONZE	Insilico	494	spectra_filtered/specs_ms.mgf	lib-00052.mgf	0.799191	GNPS-SUSPECTLIST	1330000.0	492.55699999999996	0.23158499999999999	6	9.15527e-05	395.331	395.33099999999996	1	spectra_filtered/specs_ms.mgf494	1		0	0	N/A	N/A	N/A	N/A	N/A	N/A	N/A	N/A
CCMSLIB00012089942	Suspect related to 1-Palmitoyl-2-oleoyl-3-linoleoyl-rac-glycerol (predicted molecular formula SIRIUS: C53H98O6 / BUDDY: C53H98O6) with delta m/z -26.015 (putative explanation: Alkyl loss (typically partial loss from ring)|Pro->Ala substitution; atomic difference: -2C,-2H|-2C,-2H) [M+Na]+	ESI	Orbitrap	Crude	Pieter Dorrestein	Wout Bittremieux	[M+Na]+	853.725	0.0	1	N/A	N/A	N/A	InChI=1S/C55H100O6/c1-4-7-10-13-16-19-22-25-27-30-33-36-39-42-45-48-54(57)60-51-52(50-59-53(56)47-44-41-38-35-32-29-24-21-18-15-12-9-6-3)61-55(58)49-46-43-40-37-34-31-28-26-23-20-17-14-11-8-5-2/h16,19,25-28,52H,4-15,17-18,20-24,29-51H2,1-3H3/b19-16-,27-25-,28-26- - 26.015 Da	N/A	4	Positive	UPDATE-SINGLE-ANNOTATED-BRONZE	Insilico	588	spectra_filtered/specs_ms.mgf	lib-00052.mgf	0.79386	GNPS-SUSPECTLIST	13440000.0	598.561	0.5719420000000001	12	0.00048828099999999997	853.725	853.7239999999999	1	spectra_filtered/specs_ms.mgf588	1		0	0	N/A	N/A	N/A	N/A	N/A	N/A	N/A	N/A
CCMSLIB00012105649	Suspect related to D-erythro-Sphinganine (predicted molecular formula SIRIUS: C18H35NO2 / BUDDY: C18H35NO2) with delta m/z -4.031 (putative explanation: x2 reduction (reverse); atomic difference: -4H) [M+H]+	ESI	Orbitrap	Crude	Pieter Dorrestein	Wout Bittremieux	[M+H]+	298.274	0.0	1	N/A	N/A	N/A	InChI=1S/C18H39NO2/c1-2-3-4-5-6-7-8-9-10-11-12-13-14-15-18(21)17(19)16-20/h17-18,20-21H,2-16,19H2,1H3/t17-,18+/m0/s1 - 4.031 Da	N/A	4	Positive	UPDATE-SINGLE-ANNOTATED-BRONZE	Insilico	126	spectra_filtered/specs_ms.mgf	lib-00052.mgf	0.793773	GNPS-SUSPECTLIST	1160000.0	317.828	0.0	7	0.0	298.274	298.274	1	spectra_filtered/specs_ms.mgf126	1		0	0	N/A	N/A	N/A	N/A	N/A	N/A	N/A	N/A
CCMSLIB00012087264	Suspect related to 1,2,3-Trihexadecanoyl-sn-glycerol (predicted molecular formula SIRIUS: unknown / BUDDY: unknown) with delta m/z -4.031 (putative explanation: x2 reduction (reverse); atomic difference: -4H) [M+Na]+	ESI	QQQ	Crude	Pieter Dorrestein	Wout Bittremieux	[M+Na]+	825.695	0.0	1	N/A	N/A	N/A	InChI=1S/C51H98O6/c1-4-7-10-13-16-19-22-25-28-31-34-37-40-43-49(52)55-46-48(57-51(54)45-42-39-36-33-30-27-24-21-18-15-12-9-6-3)47-56-50(53)44-41-38-35-32-29-26-23-20-17-14-11-8-5-2/h48H,4-47H2,1-3H3 - 4.031 Da	N/A	4	Positive	UPDATE-SINGLE-ANNOTATED-BRONZE	Insilico	503	spectra_filtered/specs_ms.mgf	lib-00052.mgf	0.7931090000000001	GNPS-SUSPECTLIST	2130000.0	493.154	1.33056	9	0.00109863	825.695	825.694	1	spectra_filtered/specs_ms.mgf503	1		0	0	N/A	N/A	N/A	N/A	N/A	N/A	N/A	N/A
CCMSLIB00012139888	Suspect related to Phytosphingosine (predicted molecular formula SIRIUS: unknown / BUDDY: C16H41N7O) with delta m/z 30.047 (putative explanation: unspecified; atomic difference: 2C,6H) [M-H2O+H]+	ESI	Orbitrap	Crude	Pieter Dorrestein	Wout Bittremieux	[M-H2O+H]+	330.337	0.0	1	N/A	N/A	N/A	InChI=1S/C18H39NO3/c1-2-3-4-5-6-7-8-9-10-11-12-13-14-17(21)18(22)16(19)15-20/h16-18,20-22H,2-15,19H2,1H3/t16-,17+,18-/m0/s1 + 30.047 Da	N/A	4	Positive	UPDATE-SINGLE-ANNOTATED-BRONZE	Insilico	174	spectra_filtered/specs_ms.mgf	lib-00052.mgf	0.7929350000000001	GNPS-SUSPECTLIST	4310000.0	353.25199999999995	1.20098	8	0.000396729	330.337	330.337	1	spectra_filtered/specs_ms.mgf174	1		0	0	N/A	N/A	N/A	N/A	N/A	N/A	N/A	N/A
CCMSLIB00012087762	Suspect related to 1,2-dioleoyl-sn-glycero-3-phosphatidylcholine (predicted molecular formula SIRIUS: C44H77N3O7 / BUDDY: C42H82NO8P) with delta m/z -26.015 (putative explanation: Alkyl loss (typically partial loss from ring)|Pro->Ala substitution; atomic difference: -2C,-2H|-2C,-2H) [M+Na]+	ESI	qTof	Crude	Pieter Dorrestein	Wout Bittremieux	[M+Na]+	782.567	0.0	1	N/A	N/A	N/A	InChI=1S/C44H84NO8P/c1-6-8-10-12-14-16-18-20-22-24-26-28-30-32-34-36-43(46)50-40-42(41-52-54(48,49)51-39-38-45(3,4)5)53-44(47)37-35-33-31-29-27-25-23-21-19-17-15-13-11-9-7-2/h20-23,42H,6-19,24-41H2,1-5H3/b22-20-,23-21-/t42-/m1/s1 - 26.015 Da	N/A	4	Positive	UPDATE-SINGLE-ANNOTATED-BRONZE	Insilico	317	spectra_filtered/specs_ms.mgf	lib-00052.mgf	0.772859	GNPS-SUSPECTLIST	16760000.0	442.526	0.623948	9	0.00048828099999999997	782.567	782.567	1	spectra_filtered/specs_ms.mgf317	1		0	0	N/A	N/A	N/A	N/A	N/A	N/A	N/A	N/A
CCMSLIB00012087762	Suspect related to 1,2-dioleoyl-sn-glycero-3-phosphatidylcholine (predicted molecular formula SIRIUS: C44H77N3O7 / BUDDY: C42H82NO8P) with delta m/z -26.015 (putative explanation: Alkyl loss (typically partial loss from ring)|Pro->Ala substitution; atomic difference: -2C,-2H|-2C,-2H) [M+Na]+	ESI	qTof	Crude	Pieter Dorrestein	Wout Bittremieux	[M+Na]+	782.567	0.0	1	N/A	N/A	N/A	InChI=1S/C44H84NO8P/c1-6-8-10-12-14-16-18-20-22-24-26-28-30-32-34-36-43(46)50-40-42(41-52-54(48,49)51-39-38-45(3,4)5)53-44(47)37-35-33-31-29-27-25-23-21-19-17-15-13-11-9-7-2/h20-23,42H,6-19,24-41H2,1-5H3/b22-20-,23-21-/t42-/m1/s1 - 26.015 Da	N/A	4	Positive	UPDATE-SINGLE-ANNOTATED-BRONZE	Insilico	453	spectra_filtered/specs_ms.mgf	lib-00052.mgf	0.771026	GNPS-SUSPECTLIST	20330000.0	472.50699999999995	0.545955	9	0.000427246	782.567	782.567	1	spectra_filtered/specs_ms.mgf453	1		0	0	N/A	N/A	N/A	N/A	N/A	N/A	N/A	N/A
CCMSLIB00012087762	Suspect related to 1,2-dioleoyl-sn-glycero-3-phosphatidylcholine (predicted molecular formula SIRIUS: C44H77N3O7 / BUDDY: C42H82NO8P) with delta m/z -26.015 (putative explanation: Alkyl loss (typically partial loss from ring)|Pro->Ala substitution; atomic difference: -2C,-2H|-2C,-2H) [M+Na]+	ESI	qTof	Crude	Pieter Dorrestein	Wout Bittremieux	[M+Na]+	782.567	0.0	1	N/A	N/A	N/A	InChI=1S/C44H84NO8P/c1-6-8-10-12-14-16-18-20-22-24-26-28-30-32-34-36-43(46)50-40-42(41-52-54(48,49)51-39-38-45(3,4)5)53-44(47)37-35-33-31-29-27-25-23-21-19-17-15-13-11-9-7-2/h20-23,42H,6-19,24-41H2,1-5H3/b22-20-,23-21-/t42-/m1/s1 - 26.015 Da	N/A	4	Positive	UPDATE-SINGLE-ANNOTATED-BRONZE	Insilico	405	spectra_filtered/specs_ms.mgf	lib-00052.mgf	0.7632869999999999	GNPS-SUSPECTLIST	13370000.0	466.24199999999996	0.779935	9	0.000610352	782.567	782.566	1	spectra_filtered/specs_ms.mgf405	1		0	0	N/A	N/A	N/A	N/A	N/A	N/A	N/A	N/A
CCMSLIB00012108819	Suspect related to Glycerol trioleate (predicted molecular formula SIRIUS: C55H100O6 / BUDDY: C55H100O6) with delta m/z -28.031 (putative explanation: Desethylation, didemethylation, dealkylation|Met->Cys substitution|Val->Ala substitution; atomic difference: -2C,-4H|-2C,-4H|-2C,-4H) [M+Na]+	ESI	Orbitrap	Crude	Pieter Dorrestein	Wout Bittremieux	[M+Na]+	879.74	0.0	1	N/A	N/A	N/A	InChI=1S/C57H104O6/c1-4-7-10-13-16-19-22-25-28-31-34-37-40-43-46-49-55(58)61-52-54(63-57(60)51-48-45-42-39-36-33-30-27-24-21-18-15-12-9-6-3)53-62-56(59)50-47-44-41-38-35-32-29-26-23-20-17-14-11-8-5-2/h25-30,54H,4-24,31-53H2,1-3H3/b28-25-,29-26-,30-27- - 28.031 Da	N/A	4	Positive	UPDATE-SINGLE-ANNOTATED-BRONZE	Insilico	574	spectra_filtered/specs_ms.mgf	lib-00052.mgf	0.7580600000000001	GNPS-SUSPECTLIST	7560000.0	576.071	1.17944	9	0.0010375999999999999	879.74	879.7410000000001	1	spectra_filtered/specs_ms.mgf574	1		0	0	N/A	N/A	N/A	N/A	N/A	N/A	N/A	N/A
CCMSLIB00012108819	Suspect related to Glycerol trioleate (predicted molecular formula SIRIUS: C55H100O6 / BUDDY: C55H100O6) with delta m/z -28.031 (putative explanation: Desethylation, didemethylation, dealkylation|Met->Cys substitution|Val->Ala substitution; atomic difference: -2C,-4H|-2C,-4H|-2C,-4H) [M+Na]+	ESI	Orbitrap	Crude	Pieter Dorrestein	Wout Bittremieux	[M+Na]+	879.74	0.0	1	N/A	N/A	N/A	InChI=1S/C57H104O6/c1-4-7-10-13-16-19-22-25-28-31-34-37-40-43-46-49-55(58)61-52-54(63-57(60)51-48-45-42-39-36-33-30-27-24-21-18-15-12-9-6-3)53-62-56(59)50-47-44-41-38-35-32-29-26-23-20-17-14-11-8-5-2/h25-30,54H,4-24,31-53H2,1-3H3/b28-25-,29-26-,30-27- - 28.031 Da	N/A	4	Positive	UPDATE-SINGLE-ANNOTATED-BRONZE	Insilico	559	spectra_filtered/specs_ms.mgf	lib-00052.mgf	0.749883	GNPS-SUSPECTLIST	6200000.0	538.036	1.0406799999999998	9	0.000915527	879.74	879.7410000000001	1	spectra_filtered/specs_ms.mgf559	1		0	0	N/A	N/A	N/A	N/A	N/A	N/A	N/A	N/A
CCMSLIB00012087265	Suspect related to 1,2,3-Trihexadecanoyl-sn-glycerol (predicted molecular formula SIRIUS: unknown / BUDDY: unknown) with delta m/z -2.016 (putative explanation: 2-amino-3-oxo-butanoic_acid|Intact disulfide bridge|Val->Pro substitution; atomic difference: -2H|-2H|-2H) [M+Na]+	ESI	QQQ	Crude	Pieter Dorrestein	Wout Bittremieux	[M+Na]+	827.708	0.0	1	N/A	N/A	N/A	InChI=1S/C51H98O6/c1-4-7-10-13-16-19-22-25-28-31-34-37-40-43-49(52)55-46-48(57-51(54)45-42-39-36-33-30-27-24-21-18-15-12-9-6-3)47-56-50(53)44-41-38-35-32-29-26-23-20-17-14-11-8-5-2/h48H,4-47H2,1-3H3 - 2.016 Da	N/A	4	Positive	UPDATE-SINGLE-ANNOTATED-BRONZE	Insilico	483	spectra_filtered/specs_ms.mgf	lib-00052.mgf	0.746502	GNPS-SUSPECTLIST	970000.0	473.843	1.69602	6	0.00140381	827.708	827.709	1	spectra_filtered/specs_ms.mgf483	1		0	0	N/A	N/A	N/A	N/A	N/A	N/A	N/A	N/A
CCMSLIB00003138831	Spectral Match to Phytosphingosine from NIST14	ESI	HCD	Isolated	Data from Wolfender/Litaudon	Data deposited by pmallard	M+H-H2O	300.29	0.0	1	554621	N/A	N/A	N/A	N/A	3	Positive	UPDATE-SINGLE-ANNOTATED-BRONZE	Bronze	144	spectra_filtered/specs_ms.mgf	lib-00018.mgf	0.707086	GNPS-NIST14-MATCHES	11870000.0	334.397	1.01627	8	0.000305176	300.29	300.29	1	spectra_filtered/specs_ms.mgf144	1		61	2964	N/A	N/A	N/A	N/A	N/A	N/A	N/A	N/A
